modelo,anoModelo,mesReferencia,anoReferencia,valor
Integra GS 1.8,1992,11,2016,13041.0
NSX 3.0,1995,3,2013,52339.0
Integra GS 1.8,1992,3,2018,12423.0
Legend 3.2/3.5,1998,5,2016,31067.0
Legend 3.2/3.5,1998,2,2019,26381.0
Legend 3.2/3.5,1998,9,2015,29124.0
NSX 3.0,1995,10,2018,43081.0
Integra GS 1.8,1992,10,2019,11433.0
Legend 3.2/3.5,1998,5,2017,29258.0
NSX 3.0,1995,10,2013,51758.0
Integra GS 1.8,1992,9,2016,13083.0
Integra GS 1.8,1992,12,2021,11750.0
Integra GS 1.8,1992,6,2022,11789.0
Legend 3.2/3.5,1998,11,2011,36359.0
Legend 3.2/3.5,1998,8,2020,25128.0
Integra GS 1.8,1992,11,2021,11710.0
Legend 3.2/3.5,1998,7,2011,36448.0
Legend 3.2/3.5,1998,6,2016,30958.0
NSX 3.0,1995,10,2020,40607.0
Legend 3.2/3.5,1998,2,2011,34171.0
Integra GS 1.8,1992,7,2017,12731.0
NSX 3.0,1995,3,2011,61940.0
NSX 3.0,1995,10,2014,49818.0
Integra GS 1.8,1992,12,2018,11928.0
Integra GS 1.8,1992,7,2022,11753.0
Integra GS 1.8,1992,9,2021,11499.0
NSX 3.0,1995,4,2011,61897.0
NSX 3.0,1995,1,2017,46347.0
NSX 3.0,1995,5,2014,50661.0
Integra GS 1.8,1992,1,2013,14508.0
NSX 3.0,1995,9,2012,53521.0
Integra GS 1.8,1992,4,2017,12856.0
Integra GS 1.8,1992,1,2012,16115.0
NSX 3.0,1995,11,2014,49728.0
NSX 3.0,1995,12,2013,51434.0
Integra GS 1.8,1992,6,2013,14023.0
Integra GS 1.8,1992,1,2021,10961.0
Integra GS 1.8,1992,8,2016,13123.0
Legend 3.2/3.5,1998,8,2018,27704.0
Integra GS 1.8,1992,3,2019,11664.0
NSX 3.0,1995,2,2016,47843.0
Integra GS 1.8,1992,5,2022,12226.0
Legend 3.2/3.5,1998,4,2010,37574.0
Legend 3.2/3.5,1998,1,2016,30212.0
NSX 3.0,1995,2,2019,42064.0
NSX 3.0,1995,10,2011,62332.0
NSX 3.0,1995,4,2012,58953.0
Integra GS 1.8,1992,4,2012,15852.0
Integra GS 1.8,1992,10,2012,15011.0
Legend 3.2/3.5,1998,10,2016,30648.0
Integra GS 1.8,1992,2,2021,10931.0
Legend 3.2/3.5,1998,5,2022,28009.0
Legend 3.2/3.5,1998,5,2021,24831.0
NSX 3.0,1995,2,2014,51150.0
Legend 3.2/3.5,1998,7,2015,29287.0
NSX 3.0,1995,7,2011,61646.0
NSX 3.0,1995,11,2016,46553.0
Legend 3.2/3.5,1998,3,2021,24897.0
Legend 3.2/3.5,1998,12,2021,26917.0
Integra GS 1.8,1992,10,2020,11051.0
NSX 3.0,1995,6,2019,41870.0
Integra GS 1.8,1992,7,2020,11144.0
Integra GS 1.8,1992,1,2020,11336.0
Integra GS 1.8,1992,4,2013,14215.0
Legend 3.2/3.5,1998,4,2011,34950.0
Legend 3.2/3.5,1998,8,2010,35956.0
NSX 3.0,1995,1,2016,48010.0
NSX 3.0,1995,2,2017,46128.0
NSX 3.0,1995,5,2019,41950.0
Integra GS 1.8,1992,8,2012,15301.0
Integra GS 1.8,1992,8,2010,16485.0
Integra GS 1.8,1992,4,2022,12129.0
NSX 3.0,1995,5,2015,49338.0
Legend 3.2/3.5,1998,2,2018,28305.0
NSX 3.0,1995,1,2020,41313.0
Legend 3.2/3.5,1998,9,2017,28834.0
NSX 3.0,1995,6,2017,45572.0
Legend 3.2/3.5,1998,5,2013,32202.0
Legend 3.2/3.5,1998,6,2013,32166.0
NSX 3.0,1995,10,2010,62787.0
Legend 3.2/3.5,1998,2,2014,30703.0
Integra GS 1.8,1992,2,2013,14550.0
Integra GS 1.8,1992,5,2020,11208.0
Integra GS 1.8,1992,7,2010,15928.0
Integra GS 1.8,1992,8,2011,16064.0
Integra GS 1.8,1992,5,2015,13682.0
NSX 3.0,1995,6,2015,49196.0
Integra GS 1.8,1992,2,2020,11304.0
Integra GS 1.8,1992,9,2017,12649.0
NSX 3.0,1995,1,2018,44519.0
Legend 3.2/3.5,1998,6,2010,35684.0
NSX 3.0,1995,5,2013,52005.0
Legend 3.2/3.5,1998,12,2012,30505.0
Legend 3.2/3.5,1998,7,2012,30487.0
Legend 3.2/3.5,1998,7,2022,28148.0
Legend 3.2/3.5,1998,7,2019,25587.0
Legend 3.2/3.5,1998,2,2012,35872.0
Legend 3.2/3.5,1998,7,2020,25161.0
Integra GS 1.8,1992,1,2011,15583.0
Legend 3.2/3.5,1998,8,2016,30746.0
Integra GS 1.8,1992,2,2011,15714.0
Integra GS 1.8,1992,9,2011,16100.0
Legend 3.2/3.5,1998,5,2010,35921.0
NSX 3.0,1995,7,2022,45419.0
Integra GS 1.8,1992,4,2021,10871.0
NSX 3.0,1995,7,2010,63281.0
NSX 3.0,1995,7,2020,40841.0
Legend 3.2/3.5,1998,5,2015,29516.0
Integra GS 1.8,1992,7,2021,11165.0
Legend 3.2/3.5,1998,12,2016,30410.0
Integra GS 1.8,1992,10,2011,16062.0
NSX 3.0,1995,10,2012,52638.0
Legend 3.2/3.5,1998,4,2015,29558.0
NSX 3.0,1995,8,2018,43347.0
NSX 3.0,1995,9,2019,41630.0
Integra GS 1.8,1992,6,2021,11002.0
Legend 3.2/3.5,1998,12,2020,24996.0
Integra GS 1.8,1992,10,2014,13793.0
NSX 3.0,1995,5,2012,57832.0
Integra GS 1.8,1992,3,2021,10901.0
Integra GS 1.8,1992,4,2015,13779.0
NSX 3.0,1995,2,2018,44358.0
Legend 3.2/3.5,1998,9,2012,30358.0
Integra GS 1.8,1992,7,2018,12251.0
Integra GS 1.8,1992,3,2013,14340.0
NSX 3.0,1995,9,2011,62074.0
Legend 3.2/3.5,1998,11,2021,26824.0
Integra GS 1.8,1992,11,2018,12096.0
NSX 3.0,1995,4,2020,41076.0
NSX 3.0,1995,3,2018,44175.0
Legend 3.2/3.5,1998,9,2011,36484.0
Integra GS 1.8,1992,10,2015,13482.0
Integra GS 1.8,1992,10,2017,12614.0
Integra GS 1.8,1992,4,2010,16163.0
Integra GS 1.8,1992,12,2017,12523.0
Integra GS 1.8,1992,5,2021,10841.0
NSX 3.0,1995,3,2012,60175.0
NSX 3.0,1995,9,2020,40685.0
Legend 3.2/3.5,1998,8,2012,30415.0
Legend 3.2/3.5,1998,3,2018,28236.0
Integra GS 1.8,1992,12,2020,10991.0
Legend 3.2/3.5,1998,7,2017,28998.0
Legend 3.2/3.5,1998,8,2017,28920.0
NSX 3.0,1995,8,2017,45326.0
Legend 3.2/3.5,1998,12,2010,34441.0
Legend 3.2/3.5,1998,8,2013,31305.0
Integra GS 1.8,1992,5,2017,12823.0
NSX 3.0,1995,3,2015,49628.0
NSX 3.0,1995,2,2015,49569.0
NSX 3.0,1995,4,2017,45721.0
Integra GS 1.8,1992,7,2016,13148.0
Integra GS 1.8,1992,9,2018,12185.0
Legend 3.2/3.5,1998,3,2014,30608.0
Legend 3.2/3.5,1998,8,2015,29191.0
NSX 3.0,1995,6,2010,65198.0
Integra GS 1.8,1992,6,2017,12777.0
Legend 3.2/3.5,1998,4,2020,25263.0
NSX 3.0,1995,4,2016,47515.0
Integra GS 1.8,1992,8,2020,11112.0
Legend 3.2/3.5,1998,12,2017,28526.0
Integra GS 1.8,1992,11,2015,13457.0
NSX 3.0,1995,7,2021,41265.0
Legend 3.2/3.5,1998,12,2019,25407.0
Legend 3.2/3.5,1998,11,2013,30906.0
Legend 3.2/3.5,1998,1,2022,27132.0
Integra GS 1.8,1992,2,2015,13729.0
NSX 3.0,1995,1,2015,49463.0
Legend 3.2/3.5,1998,4,2013,32165.0
Legend 3.2/3.5,1998,8,2014,30251.0
Integra GS 1.8,1992,9,2010,15821.0
NSX 3.0,1995,3,2021,40220.0
Legend 3.2/3.5,1998,10,2010,34666.0
Legend 3.2/3.5,1998,4,2012,33154.0
Integra GS 1.8,1992,6,2012,15608.0
NSX 3.0,1995,2,2020,41234.0
Integra GS 1.8,1992,4,2016,13222.0
NSX 3.0,1995,4,2021,40143.0
Integra GS 1.8,1992,4,2014,14049.0
Legend 3.2/3.5,1998,2,2015,29823.0
Legend 3.2/3.5,1998,6,2017,29135.0
NSX 3.0,1995,10,2021,43132.0
NSX 3.0,1995,4,2022,44837.0
Legend 3.2/3.5,1998,3,2020,25299.0
Legend 3.2/3.5,1998,1,2017,29710.0
NSX 3.0,1995,12,2011,62291.0
NSX 3.0,1995,5,2011,64062.0
Integra GS 1.8,1992,3,2011,15488.0
Integra GS 1.8,1992,6,2018,12288.0
Legend 3.2/3.5,1998,4,2018,28111.0
Legend 3.2/3.5,1998,5,2019,25659.0
Legend 3.2/3.5,1998,11,2020,25029.0
Integra GS 1.8,1992,2,2018,12461.0
Integra GS 1.8,1992,7,2014,13926.0
NSX 3.0,1995,9,2010,63230.0
NSX 3.0,1995,7,2018,43527.0
Legend 3.2/3.5,1998,6,2019,25623.0
Integra GS 1.8,1992,11,2020,11021.0
NSX 3.0,1995,9,2014,50015.0
Legend 3.2/3.5,1998,6,2011,35216.0
NSX 3.0,1995,3,2014,50993.0
Legend 3.2/3.5,1998,7,2021,25574.0
Integra GS 1.8,1992,1,2016,13361.0
Legend 3.2/3.5,1998,5,2018,28032.0
Legend 3.2/3.5,1998,12,2015,29556.0
Legend 3.2/3.5,1998,8,2011,36478.0
Legend 3.2/3.5,1998,12,2014,29930.0
Legend 3.2/3.5,1998,6,2015,29422.0
NSX 3.0,1995,7,2013,52120.0
Integra GS 1.8,1992,1,2019,11730.0
Integra GS 1.8,1992,8,2014,13864.0
NSX 3.0,1995,12,2016,46394.0
NSX 3.0,1995,9,2013,52180.0
Integra GS 1.8,1992,12,2012,14681.0
Legend 3.2/3.5,1998,9,2016,30693.0
Integra GS 1.8,1992,3,2015,13753.0
Legend 3.2/3.5,1998,12,2018,26996.0
Integra GS 1.8,1992,2,2022,11938.0
NSX 3.0,1995,6,2014,50532.0
Legend 3.2/3.5,1998,3,2016,30960.0
NSX 3.0,1995,2,2022,44129.0
Legend 3.2/3.5,1998,11,2014,30056.0
Legend 3.2/3.5,1998,5,2012,32260.0
Legend 3.2/3.5,1998,6,2014,30430.0
Legend 3.2/3.5,1998,1,2021,24963.0
NSX 3.0,1995,8,2011,61980.0
Integra GS 1.8,1992,9,2012,15138.0
Legend 3.2/3.5,1998,2,2020,25335.0
NSX 3.0,1995,10,2017,44941.0
NSX 3.0,1995,5,2017,45691.0
NSX 3.0,1995,7,2014,50283.0
NSX 3.0,1995,12,2010,62366.0
NSX 3.0,1995,11,2021,43282.0
NSX 3.0,1995,10,2016,46608.0
Integra GS 1.8,1992,9,2015,13517.0
NSX 3.0,1995,12,2014,49646.0
Legend 3.2/3.5,1998,5,2011,36172.0
Legend 3.2/3.5,1998,6,2020,25194.0
Legend 3.2/3.5,1998,7,2013,32040.0
NSX 3.0,1995,1,2021,40374.0
NSX 3.0,1995,5,2021,40066.0
Integra GS 1.8,1992,3,2016,13280.0
Integra GS 1.8,1992,5,2012,15730.0
NSX 3.0,1995,7,2016,46938.0
NSX 3.0,1995,2,2011,61976.0
Integra GS 1.8,1992,1,2022,11844.0
Legend 3.2/3.5,1998,6,2022,28233.0
Integra GS 1.8,1992,2,2019,11697.0
NSX 3.0,1995,5,2010,62995.0
Integra GS 1.8,1992,11,2012,14864.0
Integra GS 1.8,1992,2,2017,12921.0
NSX 3.0,1995,2,2021,40297.0
Legend 3.2/3.5,1998,1,2011,34487.0
Integra GS 1.8,1992,3,2014,14117.0
NSX 3.0,1995,8,2019,41710.0
Legend 3.2/3.5,1998,10,2021,26731.0
Legend 3.2/3.5,1998,11,2019,25443.0
Integra GS 1.8,1992,10,2021,11670.0
Legend 3.2/3.5,1998,4,2016,31009.0
Integra GS 1.8,1992,11,2017,12564.0
NSX 3.0,1995,12,2020,40451.0
Integra GS 1.8,1992,5,2013,14100.0
NSX 3.0,1995,8,2015,48807.0
Legend 3.2/3.5,1998,10,2017,28761.0
Legend 3.2/3.5,1998,11,2016,30536.0
Integra GS 1.8,1992,10,2010,15688.0
Integra GS 1.8,1992,12,2013,14201.0
Legend 3.2/3.5,1998,6,2012,31373.0
Legend 3.2/3.5,1998,10,2019,25479.0
Integra GS 1.8,1992,2,2016,13318.0
Legend 3.2/3.5,1998,5,2014,30524.0
NSX 3.0,1995,8,2012,54542.0
NSX 3.0,1995,7,2019,41790.0
Integra GS 1.8,1992,11,2011,16178.0
Integra GS 1.8,1992,7,2012,15454.0
NSX 3.0,1995,3,2016,47701.0
NSX 3.0,1995,1,2019,42145.0
Legend 3.2/3.5,1998,6,2021,25200.0
Integra GS 1.8,1992,12,2014,13749.0
Legend 3.2/3.5,1998,2,2016,30247.0
Integra GS 1.8,1992,7,2019,11532.0
NSX 3.0,1995,6,2012,56698.0
Legend 3.2/3.5,1998,10,2011,36450.0
NSX 3.0,1995,4,2018,43985.0
Legend 3.2/3.5,1998,9,2010,34938.0
Legend 3.2/3.5,1998,2,2013,31223.0
NSX 3.0,1995,12,2012,52411.0
Legend 3.2/3.5,1998,2,2022,27349.0
Integra GS 1.8,1992,9,2019,11466.0
NSX 3.0,1995,7,2015,49024.0
Integra GS 1.8,1992,12,2010,15555.0
NSX 3.0,1995,11,2015,48371.0
Integra GS 1.8,1992,8,2021,11331.0
Integra GS 1.8,1992,5,2014,13982.0
Integra GS 1.8,1992,4,2020,11240.0
NSX 3.0,1995,4,2019,41904.0
NSX 3.0,1995,7,2012,55604.0
Legend 3.2/3.5,1998,9,2019,25515.0
Integra GS 1.8,1992,1,2014,14196.0
NSX 3.0,1995,1,2014,51404.0
Integra GS 1.8,1992,6,2011,15438.0
Integra GS 1.8,1992,6,2014,13955.0
NSX 3.0,1995,9,2016,46689.0
Integra GS 1.8,1992,5,2016,13198.0
Legend 3.2/3.5,1998,3,2012,34472.0
Integra GS 1.8,1992,11,2014,13766.0
Legend 3.2/3.5,1998,11,2012,30434.0
Integra GS 1.8,1992,2,2012,16081.0
Integra GS 1.8,1992,11,2010,15806.0
Integra GS 1.8,1992,12,2016,12992.0
NSX 3.0,1995,1,2012,62022.0
NSX 3.0,1995,8,2021,41878.0
NSX 3.0,1995,11,2011,62324.0
Integra GS 1.8,1992,3,2017,12889.0
Legend 3.2/3.5,1998,11,2015,28920.0
NSX 3.0,1995,7,2017,45447.0
Integra GS 1.8,1992,7,2015,13621.0
NSX 3.0,1995,4,2015,49686.0
Legend 3.2/3.5,1998,4,2021,24864.0
Legend 3.2/3.5,1998,10,2012,30365.0
Integra GS 1.8,1992,8,2022,11988.0
Integra GS 1.8,1992,4,2011,15499.0
NSX 3.0,1995,9,2021,42500.0
NSX 3.0,1995,10,2019,41550.0
NSX 3.0,1995,12,2018,42155.0
NSX 3.0,1995,9,2018,43242.0
NSX 3.0,1995,5,2020,40997.0
Integra GS 1.8,1992,6,2019,11565.0
Legend 3.2/3.5,1998,1,2014,30885.0
Integra GS 1.8,1992,8,2015,13556.0
Legend 3.2/3.5,1998,7,2010,36932.0
Integra GS 1.8,1992,6,2020,11176.0
Legend 3.2/3.5,1998,5,2020,25227.0
NSX 3.0,1995,8,2014,50228.0
Legend 3.2/3.5,1998,12,2011,36279.0
NSX 3.0,1995,9,2015,48681.0
Legend 3.2/3.5,1998,12,2013,30895.0
NSX 3.0,1995,8,2016,46823.0
NSX 3.0,1995,11,2012,52555.0
Legend 3.2/3.5,1998,1,2020,25371.0
Legend 3.2/3.5,1998,10,2014,30170.0
Integra GS 1.8,1992,8,2013,13997.0
NSX 3.0,1995,3,2017,45939.0
Legend 3.2/3.5,1998,8,2019,25551.0
Integra GS 1.8,1992,12,2015,13398.0
Integra GS 1.8,1992,10,2018,12147.0
Integra GS 1.8,1992,3,2022,12033.0
Legend 3.2/3.5,1998,7,2014,30304.0
NSX 3.0,1995,5,2018,43787.0
NSX 3.0,1995,6,2011,62023.0
Integra GS 1.8,1992,5,2010,15939.0
NSX 3.0,1995,12,2017,44612.0
Legend 3.2/3.5,1998,3,2022,27567.0
Legend 3.2/3.5,1998,10,2020,25062.0
NSX 3.0,1995,6,2021,40661.0
Legend 3.2/3.5,1998,11,2010,34589.0
Integra GS 1.8,1992,10,2013,14122.0
Integra GS 1.8,1992,8,2018,12220.0
NSX 3.0,1995,8,2013,52008.0
Integra GS 1.8,1992,5,2018,12346.0
Legend 3.2/3.5,1998,4,2022,27787.0
Integra GS 1.8,1992,9,2013,13999.0
NSX 3.0,1995,4,2014,50863.0
Integra GS 1.8,1992,6,2016,13180.0
NSX 3.0,1995,11,2019,41471.0
Integra GS 1.8,1992,5,2019,11598.0
Integra GS 1.8,1992,4,2018,12392.0
NSX 3.0,1995,6,2020,40919.0
NSX 3.0,1995,9,2017,45135.0
Integra GS 1.8,1992,10,2016,13057.0
NSX 3.0,1995,3,2020,41155.0
Legend 3.2/3.5,1998,1,2012,36136.0
Legend 3.2/3.5,1998,3,2019,26344.0
Legend 3.2/3.5,1998,10,2013,31012.0
Integra GS 1.8,1992,6,2015,13660.0
NSX 3.0,1995,10,2015,48579.0
Legend 3.2/3.5,1998,1,2015,29874.0
Integra GS 1.8,1992,9,2020,11081.0
Integra GS 1.8,1992,8,2019,11499.0
Legend 3.2/3.5,1998,8,2022,27979.0
Integra GS 1.8,1992,1,2015,13695.0
Integra GS 1.8,1992,3,2012,15965.0
Legend 3.2/3.5,1998,6,2018,27942.0
Legend 3.2/3.5,1998,7,2016,30863.0
Integra GS 1.8,1992,4,2019,11631.0
Legend 3.2/3.5,1998,11,2018,27442.0
Legend 3.2/3.5,1998,1,2019,26418.0
Legend 3.2/3.5,1998,9,2021,26340.0
NSX 3.0,1995,6,2018,43622.0
NSX 3.0,1995,11,2013,51511.0
Legend 3.2/3.5,1998,4,2017,29390.0
Legend 3.2/3.5,1998,9,2013,31431.0
Integra GS 1.8,1992,3,2020,11272.0
Legend 3.2/3.5,1998,10,2018,27546.0
Integra GS 1.8,1992,9,2014,13818.0
NSX 3.0,1995,12,2021,43432.0
NSX 3.0,1995,1,2022,43779.0
Legend 3.2/3.5,1998,9,2014,30218.0
NSX 3.0,1995,3,2019,41984.0
Legend 3.2/3.5,1998,3,2013,31736.0
Legend 3.2/3.5,1998,3,2011,33769.0
Legend 3.2/3.5,1998,1,2018,28389.0
NSX 3.0,1995,12,2019,41392.0
Legend 3.2/3.5,1998,2,2017,29617.0
Integra GS 1.8,1992,2,2014,14147.0
Integra GS 1.8,1992,8,2017,12703.0
Integra GS 1.8,1992,7,2013,13993.0
NSX 3.0,1995,1,2013,52219.0
NSX 3.0,1995,8,2022,45146.0
NSX 3.0,1995,6,2022,45556.0
Integra GS 1.8,1992,1,2017,12979.0
NSX 3.0,1995,4,2010,63858.0
Integra GS 1.8,1992,12,2019,11368.0
NSX 3.0,1995,8,2010,65494.0
Legend 3.2/3.5,1998,10,2015,29060.0
Legend 3.2/3.5,1998,8,2021,25954.0
Legend 3.2/3.5,1998,4,2019,26307.0
Integra GS 1.8,1992,11,2013,14159.0
Legend 3.2/3.5,1998,3,2015,29677.0
Legend 3.2/3.5,1998,11,2017,28637.0
Integra GS 1.8,1992,12,2011,16150.0
NSX 3.0,1995,4,2013,52153.0
NSX 3.0,1995,12,2015,48148.0
NSX 3.0,1995,1,2011,62391.0
NSX 3.0,1995,6,2016,47165.0
Integra GS 1.8,1992,5,2011,16041.0
NSX 3.0,1995,5,2022,45195.0
NSX 3.0,1995,11,2020,40529.0
Integra GS 1.8,1992,7,2011,15978.0
Integra GS 1.8,1992,1,2018,12489.0
Legend 3.2/3.5,1998,1,2013,30600.0
Legend 3.2/3.5,1998,9,2018,27619.0
NSX 3.0,1995,3,2022,44482.0
NSX 3.0,1995,2,2012,61459.0
Legend 3.2/3.5,1998,3,2017,29522.0
NSX 3.0,1995,2,2013,52484.0
Legend 3.2/3.5,1998,7,2018,27813.0
NSX 3.0,1995,6,2013,51994.0
Integra GS 1.8,1992,11,2019,11400.0
NSX 3.0,1995,5,2016,47346.0
NSX 3.0,1995,11,2010,63056.0
NSX 3.0,1995,11,2017,44763.0
NSX 3.0,1995,8,2020,40763.0
NSX 3.0,1995,11,2018,42933.0
Legend 3.2/3.5,1998,2,2021,24930.0
Integra GS 1.8,1992,6,2010,16086.0
Legend 3.2/3.5,1998,9,2020,25095.0
Legend 3.2/3.5,1998,4,2014,30561.0
MARRUÁ AM 200 2.8  CD TDI Diesel,2022,6,2009,120353.0
MARRUÁ 2.8 12V 132cv TDI Diesel,2022,7,2005,82330.0
MARRUÁ AM 200 2.8  CD TDI Diesel,2022,9,2008,116566.0
MARRUÁ AM 200 2.8  CD TDI Diesel,2022,11,2008,121140.0
MARRUÁ AM 50 2.8 140cv TDI Diesel,2022,10,2009,107745.0
MARRUÁ AM 100 2.8  CS TDI Diesel,2022,6,2008,108030.0
MARRUÁ AM 150 2.8 CD TDI Diesel,2022,8,2009,117454.0
MARRUÁ AM 200 2.8 CS TDI Diesel,2022,2,2009,111593.0
MARRUÁ 2.8 12V 132cv TDI Diesel,2022,1,2008,107001.0
MARRUÁ 2.8 12V 132cv TDI Diesel,2007,8,2009,78126.0
MARRUÁ AM 150 2.8 CD TDI Diesel,2022,8,2008,116347.0
MARRUÁ 2.8 12V 132cv TDI Diesel,2022,3,2008,105488.0
MARRUÁ AM 100 2.8  CS TDI Diesel,2022,8,2008,107225.0
MARRUÁ AM 200 2.8 CS TDI Diesel,2022,9,2008,108160.0
MARRUÁ 2.8 12V 132cv TDI Diesel,2007,12,2009,75649.0
MARRUÁ 2.8 12V 132cv TDI Diesel,2022,4,2007,104425.0
MARRUÁ AM 150 2.8 CD TDI Diesel,2022,6,2008,115905.0
MARRUÁ AM 200 2.8  CD TDI Diesel,2022,12,2008,120920.0
MARRUÁ AM 150 2.8 CD TDI Diesel,2022,7,2009,117000.0
MARRUÁ AM 100 2.8 CD TDI Diesel,2022,7,2008,115189.0
MARRUÁ AM 150 2.8  CS TDI Diesel,2022,1,2010,108826.0
MARRUÁ 2.8 12V 132cv TDI Diesel,2022,8,2005,83137.0
MARRUÁ 2.8 12V 132cv TDI Diesel,2022,9,2008,103309.0
MARRUÁ AM 200 2.8  CD TDI Diesel,2022,4,2009,115705.0
MARRUÁ AM 150 2.8  CS TDI Diesel,2022,4,2008,104308.0
MARRUÁ 2.8 12V 132cv TDI Diesel,2022,10,2008,104053.0
MARRUÁ 2.8 12V 132cv TDI Diesel,2022,1,2009,101799.0
MARRUÁ AM 200 2.8 CS TDI Diesel,2022,4,2009,109077.0
MARRUÁ AM 200 2.8  CD TDI Diesel,2022,11,2009,117644.0
MARRUÁ AM 150 2.8 CD TDI Diesel,2022,10,2009,116787.0
MARRUÁ AM 100 2.8 CD TDI Diesel,2022,1,2009,117600.0
MARRUÁ AM 100 2.8  CS TDI Diesel,2022,1,2009,111762.0
MARRUÁ AM 100 2.8  CS TDI Diesel,2022,3,2009,106797.0
MARRUÁ AM 150 2.8 CD TDI Diesel,2022,4,2009,114366.0
MARRUÁ 2.8 12V 132cv TDI Diesel,2022,3,2007,104858.0
MARRUÁ AM 100 2.8  CS TDI Diesel,2022,4,2009,106464.0
MARRUÁ AM 200 2.8 CS TDI Diesel,2022,1,2010,109028.0
MARRUÁ AM 200 2.8 CS TDI Diesel,2022,10,2009,112214.0
MARRUÁ AM 50 2.8 140cv TDI Diesel,2022,5,2008,102020.0
MARRUÁ AM 100 2.8 CD TDI Diesel,2022,9,2008,116318.0
MARRUÁ AM 100 2.8 CD TDI Diesel,2022,12,2009,112500.0
MARRUÁ AM 100 2.8  CS TDI Diesel,2022,3,2008,102782.0
MARRUÁ AM 50 2.8 140cv TDI Diesel,2022,6,2009,106985.0
MARRUÁ 2.8 12V 132cv TDI Diesel,2007,6,2009,80432.0
MARRUÁ AM 150 2.8  CS TDI Diesel,2022,9,2009,111166.0
MARRUÁ AM 150 2.8  CS TDI Diesel,2022,5,2008,104848.0
MARRUÁ AM 100 2.8 CD TDI Diesel,2022,4,2009,112060.0
MARRUÁ AM 200 2.8 CS TDI Diesel,2022,8,2008,108290.0
MARRUÁ 2.8 12V 132cv TDI Diesel,2007,1,2010,74725.0
MARRUÁ AM 200 2.8 CS TDI Diesel,2022,9,2009,111729.0
MARRUÁ 2.8 12V 132cv TDI Diesel,2022,11,2006,92255.0
MARRUÁ AM 200 2.8 CS TDI Diesel,2022,10,2008,109704.0
MARRUÁ AM 150 2.8 CD TDI Diesel,2022,5,2008,113854.0
MARRUÁ 2.8 12V 132cv TDI Diesel,2022,9,2007,107563.0
MARRUÁ AM 200 2.8  CD TDI Diesel,2022,5,2009,118497.0
MARRUÁ AM 150 2.8  CS TDI Diesel,2022,3,2009,110369.0
MARRUÁ AM 100 2.8  CS TDI Diesel,2022,11,2008,108957.0
MARRUÁ 2.8 12V 132cv TDI Diesel,2007,10,2009,77339.0
MARRUÁ AM 200 2.8 CS TDI Diesel,2022,11,2008,114407.0
MARRUÁ AM 150 2.8  CS TDI Diesel,2022,8,2009,109538.0
MARRUÁ AM 200 2.8 CS TDI Diesel,2022,7,2009,110871.0
MARRUÁ AM 100 2.8 CD TDI Diesel,2022,3,2009,112044.0
MARRUÁ AM 150 2.8  CS TDI Diesel,2022,12,2009,111766.0
MARRUÁ AM 100 2.8  CS TDI Diesel,2022,5,2008,103883.0
MARRUÁ 2.8 12V 132cv TDI Diesel,2022,4,2009,97558.0
MARRUÁ AM 150 2.8 CD TDI Diesel,2022,3,2008,112515.0
MARRUÁ AM 50 2.8 140cv TDI Diesel,2022,7,2008,105534.0
MARRUÁ AM 150 2.8 CD TDI Diesel,2022,3,2009,114961.0
MARRUÁ AM 100 2.8 CD TDI Diesel,2022,8,2009,113234.0
MARRUÁ AM 100 2.8 CD TDI Diesel,2022,9,2009,113706.0
MARRUÁ AM 100 2.8  CS TDI Diesel,2022,7,2009,108660.0
MARRUÁ 2.8 12V 132cv TDI Diesel,2022,6,2006,87946.0
MARRUÁ AM 200 2.8  CD TDI Diesel,2022,9,2009,119185.0
MARRUÁ AM 50 2.8 140cv TDI Diesel,2022,7,2009,106238.0
MARRUÁ AM 50 2.8 140cv TDI Diesel,2022,10,2008,107690.0
MARRUÁ AM 50 2.8 140cv TDI Diesel,2022,3,2008,100703.0
MARRUÁ AM 150 2.8  CS TDI Diesel,2022,6,2009,112203.0
MARRUÁ AM 150 2.8 CD TDI Diesel,2022,11,2009,115741.0
MARRUÁ AM 150 2.8  CS TDI Diesel,2022,9,2008,109088.0
MARRUÁ AM 200 2.8 CS TDI Diesel,2022,12,2008,114228.0
MARRUÁ AM 200 2.8 CS TDI Diesel,2022,1,2009,113095.0
MARRUÁ AM 150 2.8  CS TDI Diesel,2022,6,2008,107862.0
MARRUÁ AM 150 2.8 CD TDI Diesel,2022,1,2009,118740.0
MARRUÁ AM 200 2.8  CD TDI Diesel,2022,3,2008,113859.0
MARRUÁ AM 50 2.8 140cv TDI Diesel,2022,4,2009,104934.0
MARRUÁ 2.8 12V 132cv TDI Diesel,2022,9,2006,88120.0
MARRUÁ 2.8 12V 132cv TDI Diesel,2022,6,2008,106420.0
MARRUÁ AM 200 2.8 CS TDI Diesel,2022,5,2008,105724.0
MARRUÁ AM 50 2.8 140cv TDI Diesel,2022,1,2009,108050.0
MARRUÁ AM 50 2.8 140cv TDI Diesel,2022,4,2008,100874.0
MARRUÁ 2.8 12V 132cv TDI Diesel,2007,2,2010,74153.0
MARRUÁ AM 100 2.8  CS TDI Diesel,2022,2,2010,106255.0
MARRUÁ AM 100 2.8 CD TDI Diesel,2022,5,2009,114803.0
MARRUÁ 2.8 12V 132cv TDI Diesel,2007,7,2009,78350.0
MARRUÁ 2.8 12V 132cv TDI Diesel,2022,5,2006,84833.0
MARRUÁ AM 200 2.8 CS TDI Diesel,2022,5,2009,112036.0
MARRUÁ AM 50 2.8 140cv TDI Diesel,2022,1,2010,107150.0
MARRUÁ AM 200 2.8  CD TDI Diesel,2022,2,2010,115161.0
MARRUÁ AM 200 2.8 CS TDI Diesel,2022,12,2009,112249.0
MARRUÁ AM 150 2.8  CS TDI Diesel,2022,10,2008,109688.0
MARRUÁ AM 200 2.8 CS TDI Diesel,2022,8,2009,111363.0
MARRUÁ AM 50 2.8 140cv TDI Diesel,2022,3,2009,106348.0
MARRUÁ AM 50 2.8 140cv TDI Diesel,2022,2,2009,107010.0
MARRUÁ AM 50 2.8 140cv TDI Diesel,2022,12,2009,106855.0
MARRUÁ AM 150 2.8  CS TDI Diesel,2022,11,2008,112137.0
MARRUÁ AM 200 2.8  CD TDI Diesel,2022,4,2008,114050.0
MARRUÁ AM 100 2.8  CS TDI Diesel,2022,12,2008,112051.0
MARRUÁ AM 200 2.8  CD TDI Diesel,2022,6,2008,117394.0
MARRUÁ AM 100 2.8  CS TDI Diesel,2022,9,2009,108770.0
MARRUÁ 2.8 12V 132cv TDI Diesel,2022,9,2005,83755.0
MARRUÁ 2.8 12V 132cv TDI Diesel,2022,2,2007,102562.0
MARRUÁ 2.8 12V 132cv TDI Diesel,2022,11,2008,101875.0
MARRUÁ AM 100 2.8 CD TDI Diesel,2022,3,2008,111665.0
MARRUÁ AM 150 2.8 CD TDI Diesel,2022,10,2008,117407.0
MARRUÁ AM 150 2.8  CS TDI Diesel,2022,8,2008,108216.0
MARRUÁ 2.8 12V 132cv TDI Diesel,2022,8,2008,104699.0
MARRUÁ AM 200 2.8  CD TDI Diesel,2022,1,2010,115399.0
MARRUÁ AM 100 2.8  CS TDI Diesel,2022,2,2009,108659.0
MARRUÁ 2.8 12V 132cv TDI Diesel,2022,7,2007,109850.0
MARRUÁ AM 100 2.8 CD TDI Diesel,2022,7,2009,113083.0
MARRUÁ AM 150 2.8  CS TDI Diesel,2022,7,2009,110727.0
MARRUÁ AM 200 2.8  CD TDI Diesel,2022,2,2009,118590.0
MARRUÁ AM 100 2.8  CS TDI Diesel,2022,11,2009,109402.0
MARRUÁ AM 50 2.8 140cv TDI Diesel,2022,5,2009,108253.0
MARRUÁ AM 100 2.8  CS TDI Diesel,2022,7,2008,107812.0
MARRUÁ 2.8 12V 132cv TDI Diesel,2022,6,2007,106550.0
MARRUÁ AM 150 2.8  CS TDI Diesel,2022,11,2009,111106.0
MARRUÁ AM 100 2.8  CS TDI Diesel,2022,10,2008,108200.0
MARRUÁ AM 150 2.8 CD TDI Diesel,2022,12,2008,119145.0
MARRUÁ AM 200 2.8  CD TDI Diesel,2022,8,2009,118959.0
MARRUÁ AM 100 2.8  CS TDI Diesel,2022,8,2009,107857.0
MARRUÁ AM 150 2.8 CD TDI Diesel,2022,1,2010,115228.0
MARRUÁ AM 150 2.8  CS TDI Diesel,2022,4,2009,109502.0
MARRUÁ AM 100 2.8 CD TDI Diesel,2022,6,2009,115732.0
MARRUÁ 2.8 12V 132cv TDI Diesel,2022,1,2006,84166.0
MARRUÁ AM 100 2.8  CS TDI Diesel,2022,4,2008,102938.0
MARRUÁ AM 200 2.8 CS TDI Diesel,2022,6,2009,112766.0
MARRUÁ AM 150 2.8  CS TDI Diesel,2022,7,2008,106735.0
MARRUÁ AM 200 2.8  CD TDI Diesel,2022,1,2009,119974.0
MARRUÁ 2.8 12V 132cv TDI Diesel,2022,2,2008,105500.0
MARRUÁ AM 50 2.8 140cv TDI Diesel,2022,6,2008,106536.0
MARRUÁ 2.8 12V 132cv TDI Diesel,2007,9,2009,77930.0
MARRUÁ 2.8 12V 132cv TDI Diesel,2022,5,2008,104071.0
MARRUÁ AM 150 2.8  CS TDI Diesel,2022,2,2010,108602.0
MARRUÁ 2.8 12V 132cv TDI Diesel,2022,8,2007,107240.0
MARRUÁ 2.8 12V 132cv TDI Diesel,2022,10,2006,88844.0
MARRUÁ AM 150 2.8 CD TDI Diesel,2022,9,2009,117834.0
MARRUÁ AM 150 2.8  CS TDI Diesel,2022,12,2008,112138.0
MARRUÁ AM 100 2.8 CD TDI Diesel,2022,2,2010,111949.0
MARRUÁ 2.8 12V 132cv TDI Diesel,2022,4,2006,83003.0
MARRUÁ AM 100 2.8 CD TDI Diesel,2022,8,2008,115333.0
MARRUÁ AM 150 2.8  CS TDI Diesel,2022,5,2009,111421.0
MARRUÁ AM 200 2.8 CS TDI Diesel,2022,3,2009,109815.0
MARRUÁ AM 200 2.8  CD TDI Diesel,2022,7,2009,117490.0
MARRUÁ AM 100 2.8 CD TDI Diesel,2022,4,2008,111325.0
MARRUÁ AM 100 2.8  CS TDI Diesel,2022,6,2009,107625.0
MARRUÁ AM 150 2.8  CS TDI Diesel,2022,2,2009,111024.0
MARRUÁ 2.8 12V 132cv TDI Diesel,2022,5,2007,105439.0
MARRUÁ AM 50 2.8 140cv TDI Diesel,2022,9,2009,107696.0
MARRUÁ AM 200 2.8  CD TDI Diesel,2022,10,2008,117533.0
MARRUÁ AM 100 2.8 CD TDI Diesel,2022,2,2009,116373.0
MARRUÁ AM 100 2.8  CS TDI Diesel,2022,9,2008,107945.0
MARRUÁ AM 150 2.8 CD TDI Diesel,2022,2,2010,114990.0
MARRUÁ AM 150 2.8 CD TDI Diesel,2022,9,2008,116638.0
MARRUÁ 2.8 12V 132cv TDI Diesel,2022,3,2006,83844.0
MARRUÁ AM 200 2.8 CS TDI Diesel,2022,6,2008,108724.0
MARRUÁ AM 200 2.8  CD TDI Diesel,2022,8,2008,116824.0
MARRUÁ AM 100 2.8  CS TDI Diesel,2022,5,2009,108779.0
MARRUÁ AM 50 2.8 140cv TDI Diesel,2022,11,2009,107074.0
MARRUÁ 2.8 12V 132cv TDI Diesel,2022,10,2007,105137.0
MARRUÁ AM 100 2.8  CS TDI Diesel,2022,10,2009,108179.0
MARRUÁ 2.8 12V 132cv TDI Diesel,2022,8,2006,87802.0
MARRUÁ AM 150 2.8  CS TDI Diesel,2022,3,2008,104131.0
MARRUÁ 2.8 12V 132cv TDI Diesel,2022,10,2005,83767.0
MARRUÁ AM 200 2.8  CD TDI Diesel,2022,3,2009,117018.0
MARRUÁ AM 100 2.8  CS TDI Diesel,2022,12,2009,107929.0
MARRUÁ AM 200 2.8  CD TDI Diesel,2022,12,2009,118321.0
MARRUÁ AM 100 2.8 CD TDI Diesel,2022,6,2008,115281.0
MARRUÁ 2.8 12V 132cv TDI Diesel,2022,5,2009,96155.0
MARRUÁ AM 150 2.8  CS TDI Diesel,2022,1,2009,111998.0
MARRUÁ AM 50 2.8 140cv TDI Diesel,2022,9,2008,107339.0
MARRUÁ 2.8 12V 132cv TDI Diesel,2022,12,2007,105333.0
MARRUÁ AM 100 2.8 CD TDI Diesel,2022,10,2009,114438.0
MARRUÁ 2.8 12V 132cv TDI Diesel,2022,4,2008,105208.0
MARRUÁ AM 100 2.8 CD TDI Diesel,2022,11,2009,113272.0
MARRUÁ AM 150 2.8 CD TDI Diesel,2022,2,2009,117647.0
MARRUÁ AM 50 2.8 140cv TDI Diesel,2022,8,2008,106258.0
MARRUÁ AM 150 2.8 CD TDI Diesel,2022,7,2008,115266.0
MARRUÁ AM 100 2.8 CD TDI Diesel,2022,1,2010,110957.0
MARRUÁ AM 50 2.8 140cv TDI Diesel,2022,8,2009,106510.0
MARRUÁ AM 50 2.8 140cv TDI Diesel,2022,11,2008,108450.0
MARRUÁ 2.8 12V 132cv TDI Diesel,2022,12,2005,84167.0
MARRUÁ AM 150 2.8  CS TDI Diesel,2022,10,2009,112109.0
MARRUÁ AM 200 2.8  CD TDI Diesel,2022,10,2009,119729.0
MARRUÁ AM 100 2.8 CD TDI Diesel,2022,12,2008,118121.0
MARRUÁ AM 150 2.8 CD TDI Diesel,2022,6,2009,118262.0
MARRUÁ 2.8 12V 132cv TDI Diesel,2022,11,2007,105666.0
MARRUÁ 2.8 12V 132cv TDI Diesel,2007,11,2009,76489.0
MARRUÁ AM 200 2.8 CS TDI Diesel,2022,3,2008,105142.0
MARRUÁ AM 200 2.8 CS TDI Diesel,2022,4,2008,105365.0
MARRUÁ AM 200 2.8  CD TDI Diesel,2022,5,2008,114763.0
MARRUÁ AM 150 2.8 CD TDI Diesel,2022,11,2008,119210.0
MARRUÁ AM 100 2.8 CD TDI Diesel,2022,11,2008,118120.0
MARRUÁ 2.8 12V 132cv TDI Diesel,2022,2,2009,101725.0
MARRUÁ AM 150 2.8 CD TDI Diesel,2022,5,2009,117706.0
MARRUÁ AM 200 2.8 CS TDI Diesel,2022,7,2008,107986.0
MARRUÁ AM 150 2.8 CD TDI Diesel,2022,12,2009,116816.0
MARRUÁ 2.8 12V 132cv TDI Diesel,2022,7,2008,104055.0
MARRUÁ AM 200 2.8  CD TDI Diesel,2022,7,2008,115938.0
MARRUÁ 2.8 12V 132cv TDI Diesel,2022,12,2006,101875.0
MARRUÁ 2.8 12V 132cv TDI Diesel,2022,12,2008,101783.0
MARRUÁ 2.8 12V 132cv TDI Diesel,2022,3,2009,101460.0
MARRUÁ AM 100 2.8  CS TDI Diesel,2022,1,2010,107850.0
MARRUÁ 2.8 12V 132cv TDI Diesel,2022,2,2006,84000.0
MARRUÁ AM 150 2.8 CD TDI Diesel,2022,4,2008,112706.0
MARRUÁ AM 100 2.8 CD TDI Diesel,2022,5,2008,112350.0
MARRUÁ AM 50 2.8 140cv TDI Diesel,2022,2,2010,106020.0
MARRUÁ AM 100 2.8 CD TDI Diesel,2022,10,2008,116689.0
MARRUÁ 2.8 12V 132cv TDI Diesel,2022,1,2007,101845.0
MARRUÁ AM 200 2.8 CS TDI Diesel,2022,11,2009,111184.0
MARRUÁ 2.8 12V 132cv TDI Diesel,2022,7,2006,86649.0
MARRUÁ AM 200 2.8 CS TDI Diesel,2022,2,2010,109020.0
MARRUÁ 2.8 12V 132cv TDI Diesel,2022,11,2005,83097.0
MARRUÁ AM 50 2.8 140cv TDI Diesel,2022,12,2008,108815.0
156 TS/Sport/Elegant 2.0 16V,2002,3,2011,29759.0
145 Elegant 2.0 16V,1998,4,2010,16717.0
164 Super V6 24V,1996,5,2012,17715.0
155,1997,7,2003,18450.0
155,1997,12,2010,15923.0
145 Quadrifoglio 2.0,1999,7,2018,14225.0
156 2.5 V6 24V 190cv 4p Aut.,2003,3,2008,76974.0
155,1997,6,2005,17839.0
Spider 2.0/3.0,1997,8,2009,45581.0
145 Elegant 1.7/1.8 16V,1999,7,2019,13109.0
164 Super V6 24V,1996,4,2012,17932.0
145 QV,1998,1,2008,20345.0
145 QV,1998,9,2015,14588.0
145 Elegant 1.7/1.8 16V,1999,3,2013,15814.0
145 Elegant 2.0 16V,1998,3,2020,12868.0
166 3.0 V6 24V,2003,3,2020,45420.0
145 Elegant 2.0 16V,1998,5,2019,13239.0
155 Super,1997,7,2009,17375.0
156 2.5 V6 24V 190cv 4p Aut.,2003,8,2020,48856.0
145 Quadrifoglio 2.0,1999,10,2019,14197.0
Spider 2.0/3.0,1997,2,2009,49981.0
166 3.0 V6 24V,2003,4,2008,92592.0
Spider 2.0/3.0,1997,4,2001,46027.0
164 3.0 V6,1996,3,2008,15314.0
155 Super,1997,7,2004,19745.0
156 TS/Sport/Elegant 2.0 16V,2002,10,2005,61672.0
145 Elegant 1.7/1.8 16V,1999,1,2019,13212.0
145 QV,1998,9,2009,18356.0
156 Sport Wagon 2.0 16V,2002,8,2005,66268.0
145 Elegant 1.7/1.8 16V,1999,12,2006,19568.0
156 Sport Wagon 2.0 16V,2002,1,2011,31939.0
156 Sport Wagon 2.0 16V,2002,9,2019,25920.0
155,1997,11,2017,14154.0
164 Super V6 24V,1996,2,2022,20478.0
156 Sport Wagon 2.0 16V,2002,10,2018,26919.0
156 2.5 V6 24V 190cv 4p Aut.,2003,8,2019,44803.0
164 3.0 V6,1996,2,2007,15901.0
145 QV,1998,8,2022,22915.0
156 TS/Sport/Elegant 2.0 16V,2002,10,2010,29514.0
156 Sport Wagon 2.5 V6 24V 4p Aut.,2003,4,2007,96478.0
156 Sport Wagon 2.0 16V,2002,4,2011,31675.0
164 Super V6 24V,1996,3,2013,19202.0
156 TS/Sport/Elegant 2.0 16V,2002,3,2007,51874.0
156 Sport Wagon 2.0 16V,2002,2,2012,31979.0
156 Sport Wagon 2.0 16V,2002,12,2004,68091.0
145 QV,1998,4,2013,15500.0
166 3.0 V6 24V,2022,4,2002,139759.0
156 TS/Sport/Elegant 2.0 16V,2002,7,2004,67061.0
145 Elegant 2.0 16V,1998,12,2020,12543.0
164 Super V6 24V,1996,1,2007,18490.0
2300 TI/TI-4,1986,8,2012,6850.0
156 2.5 V6 24V 190cv 4p Aut.,2003,2,2012,47515.0
164 3.0 V6,1996,7,2004,16606.0
155 Super,1997,9,2002,21680.0
145 Elegant 2.0 16V,1998,1,2019,13391.0
145 Quadrifoglio 2.0,1999,10,2003,22795.0
155 Super,1997,1,2007,18593.0
145 Elegant 2.0 16V,1998,7,2009,18067.0
156 TS/Sport/Elegant 2.0 16V,2002,7,2007,50311.0
156 Sport Wagon 2.0 16V,2002,8,2012,32952.0
166 3.0 V6 24V,2003,8,2021,47856.0
145 Elegant 2.0 16V,1998,7,2021,13320.0
147 2.0 16V 148cv 4p Semi-Aut.,2005,10,2021,56675.0
156 Sport Wagon 2.0 16V,2002,3,2007,52992.0
155 Super,1997,6,2011,16098.0
145 Elegant 1.7/1.8 16V,1999,4,2001,28285.0
147 2.0 16V 148cv 4p Semi-Aut.,2022,10,2007,113285.0
147 2.0 16V 148cv 4p Semi-Aut.,2005,12,2008,81316.0
156 2.5 V6 24V 190cv 4p Aut.,2003,2,2014,45958.0
155,1997,5,2003,19771.0
155,1997,3,2010,16324.0
145 QV,1998,2,2018,15013.0
145 QV,1998,4,2009,19402.0
147 2.0 16V 148cv 4p Semi-Aut.,2005,5,2012,56767.0
155,1997,7,2019,12525.0
145 Quadrifoglio 2.0,1999,10,2020,13714.0
156 Sport Wagon 2.5 V6 24V 4p Aut.,2004,7,2017,41111.0
145 QV,1998,10,2009,18239.0
164 3.0 V6,1996,3,2020,12359.0
155,1997,1,2004,17996.0
156 Sport Wagon 2.5 V6 24V 4p Aut.,2004,3,2009,81428.0
145 Quadrifoglio 2.0,1999,2,2019,14288.0
164 Super V6 24V,1996,10,2021,18543.0
156 Sport Wagon 2.0 16V,2002,8,2019,25972.0
156 Sport Wagon 2.5 V6 24V 4p Aut.,2004,6,2015,42987.0
156 Sport Wagon 2.0 16V,2002,2,2019,26219.0
166 3.0 V6 24V,2003,7,2021,46507.0
155,1997,6,2020,12139.0
156 Sport Wagon 2.5 V6 24V 4p Aut.,2004,3,2015,43426.0
156 Sport Wagon 2.0 16V,2002,9,2005,65097.0
Spider 2.0/3.0,1997,10,2007,55362.0
145 Quadrifoglio 2.0,1999,8,2015,15912.0
155 Super,1997,10,2014,16140.0
156 2.5 V6 24V 190cv 4p Aut.,2003,12,2019,48246.0
145 Elegant 2.0 16V,1998,6,2009,17824.0
166 3.0 V6 24V,2003,1,2018,51176.0
145 QV,1998,4,2020,14183.0
145 Quadrifoglio 2.0,1999,12,2006,22218.0
155 Super,1997,5,2009,17050.0
Spider 2.0/3.0,1997,5,2021,71800.0
Spider 2.0/3.0,1997,11,2017,63603.0
Spider 2.0/3.0,1997,5,2016,65904.0
145 Quadrifoglio 2.0,1999,3,2006,23067.0
Spider 2.0/3.0,1997,6,2021,72868.0
147 2.0 16V 148cv 4p Semi-Aut.,2005,8,2013,60928.0
155 Super,1997,1,2002,21751.0
145 Elegant 1.7/1.8 16V,1999,8,2017,13620.0
156 Sport Wagon 2.0 16V,2002,4,2022,29382.0
156 TS/Sport/Elegant 2.0 16V,2002,4,2005,62973.0
145 QV,1998,1,2011,16902.0
145 Elegant 1.7/1.8 16V,1999,5,2018,13327.0
2300 TI/TI-4,1986,1,2011,7888.0
145 Elegant 2.0 16V,1998,3,2019,13315.0
147 2.0 16V 148cv 4p Semi-Aut.,2005,8,2015,56750.0
155 Super,1997,7,2003,19720.0
164 Super V6 24V,1996,8,2022,22076.0
145 Quadrifoglio 2.0,1999,2,2010,19451.0
147 2.0 16V 148cv 4p Semi-Aut.,2005,1,2011,57568.0
145 QV,1998,11,2005,21991.0
155,1997,3,2005,17646.0
2300 TI/TI-4,1986,10,2018,7787.0
156 Sport Wagon 2.5 V6 24V 4p Aut.,2004,8,2021,36484.0
156 TS/Sport/Elegant 2.0 16V,2022,10,2001,73253.0
164 3.0 V6,1996,12,2009,14525.0
145 Elegant 1.7/1.8 16V,1999,7,2021,15024.0
156 TS/Sport/Elegant 2.0 16V,2002,12,2008,41077.0
156 TS/Sport/Elegant 2.0 16V,2002,2,2019,26014.0
147 2.0 16V 148cv 4p Semi-Aut.,2005,2,2010,67143.0
145 QV,1998,3,2010,17624.0
2300 TI/TI-4,1986,3,2005,5894.0
155,1997,12,2021,14721.0
145 Quadrifoglio 2.0,1999,2,2003,24387.0
145 Quadrifoglio 2.0,1999,1,2018,14505.0
Spider 2.0/3.0,1997,2,2022,98217.0
156 Sport Wagon 2.0 16V,2002,12,2013,29975.0
145 Elegant 1.7/1.8 16V,1999,1,2007,19295.0
147 2.0 16V 148cv 4p Semi-Aut.,2005,1,2021,49843.0
155,1997,7,2007,17020.0
145 Quadrifoglio 2.0,1999,4,2021,13482.0
156 2.5 V6 24V 190cv 4p Aut.,2003,7,2021,54204.0
166 3.0 V6 24V,2003,6,2020,44916.0
164 Super V6 24V,1996,2,2007,18602.0
145 Elegant 2.0 16V,1998,8,2001,24983.0
155 Super,1997,7,2018,14533.0
164 3.0 V6,1996,10,2014,13365.0
145 Quadrifoglio 2.0,1999,9,2007,21502.0
145 Elegant 1.7/1.8 16V,1999,8,2020,12661.0
2300 TI/TI-4,1986,2,2022,7496.0
155,1997,1,2017,14217.0
Spider 2.0/3.0,1997,6,2013,66150.0
145 Elegant 2.0 16V,1998,1,2003,20683.0
164 Super V6 24V,1996,9,2012,16740.0
166 3.0 V6 24V,2003,12,2010,64148.0
Spider 2.0/3.0,1997,8,2016,65111.0
164 Super V6 24V,1996,3,2009,18553.0
145 QV,1998,9,2018,15351.0
155,1997,10,2007,16839.0
145 Elegant 2.0 16V,1998,6,2008,19126.0
2300 TI/TI-4,1986,7,2006,6353.0
156 Sport Wagon 2.5 V6 24V 4p Aut.,2022,12,2003,138602.0
166 3.0 V6 24V,2003,2,2016,53080.0
156 Sport Wagon 2.5 V6 24V 4p Aut.,2004,9,2010,56453.0
2300 TI/TI-4,1986,4,2012,7171.0
147 2.0 16V 148cv 4p Semi-Aut.,2005,6,2012,55749.0
147 2.0 16V 148cv 4p Semi-Aut.,2005,7,2021,50750.0
147 2.0 16V 148cv 4p Semi-Aut.,2005,7,2016,52896.0
155,1997,5,2006,17663.0
145 QV,1998,7,2005,22379.0
Spider 2.0/3.0,1997,7,2013,66071.0
164 3.0 V6,1996,1,2001,23172.0
145 Quadrifoglio 2.0,1999,9,2019,14239.0
156 Sport Wagon 2.0 16V,2002,8,2006,58373.0
164 Super V6 24V,1996,6,2010,17015.0
156 TS/Sport/Elegant 2.0 16V,2002,7,2011,29327.0
145 Elegant 2.0 16V,1998,10,2002,21438.0
145 Elegant 1.7/1.8 16V,1999,10,2001,25645.0
156 Sport Wagon 2.0 16V,2002,2,2010,37290.0
145 Elegant 2.0 16V,1998,1,2013,13802.0
145 Elegant 1.7/1.8 16V,1999,5,2009,17776.0
156 Sport Wagon 2.5 V6 24V 4p Aut.,2004,8,2022,48854.0
156 TS/Sport/Elegant 2.0 16V,2002,8,2015,28629.0
156 Sport Wagon 2.5 V6 24V 4p Aut.,2004,12,2013,45125.0
164 3.0 V6,1996,6,2018,12738.0
164 3.0 V6,1996,8,2017,13101.0
166 3.0 V6 24V,2003,8,2018,50194.0
156 Sport Wagon 2.0 16V,2002,4,2005,67436.0
156 Sport Wagon 2.0 16V,2002,9,2016,27148.0
164 3.0 V6,1996,10,2021,16618.0
147 2.0 16V 148cv 4p Semi-Aut.,2005,11,2018,49762.0
166 3.0 V6 24V,2003,3,2013,55636.0
164 3.0 V6,1996,5,2010,13973.0
166 3.0 V6 24V,2003,12,2009,74472.0
155,1997,6,2016,14240.0
145 Elegant 2.0 16V,1998,9,2010,15065.0
Spider 2.0/3.0,1997,11,2016,66392.0
147 2.0 16V 148cv 4p Semi-Aut.,2022,10,2003,108209.0
145 Elegant 2.0 16V,1998,3,2011,14973.0
147 2.0 16V 148cv 4p Semi-Aut.,2005,4,2021,49231.0
147 2.0 16V 148cv 4p Semi-Aut.,2022,11,2007,111555.0
156 Sport Wagon 2.0 16V,2002,8,2017,27265.0
145 Elegant 2.0 16V,1998,12,2001,23905.0
156 TS/Sport/Elegant 2.0 16V,2002,1,2019,26014.0
156 TS/Sport/Elegant 2.0 16V,2022,11,2003,76207.0
145 QV,1998,5,2020,14141.0
156 TS/Sport/Elegant 2.0 16V,2002,6,2016,26496.0
145 Quadrifoglio 2.0,1999,11,2014,16368.0
164 Super V6 24V,1996,7,2011,16392.0
145 Elegant 1.7/1.8 16V,1999,8,2012,16020.0
147 2.0 16V 148cv 4p Semi-Aut.,2022,2,2005,123371.0
145 QV,1998,3,2015,14578.0
156 2.5 V6 24V 190cv 4p Aut.,2003,1,2011,46569.0
155 Super,1997,10,2016,14989.0
166 3.0 V6 24V,2003,8,2013,59104.0
145 QV,1998,1,2004,21743.0
156 Sport Wagon 2.5 V6 24V 4p Aut.,2004,6,2017,41317.0
145 QV,1998,5,2019,14649.0
156 Sport Wagon 2.0 16V,2002,3,2006,63037.0
Spider 2.0/3.0,1997,8,2013,66070.0
Spider 2.0/3.0,1997,6,2018,65297.0
164 3.0 V6,1996,5,2006,16654.0
155 Super,1997,11,2015,15514.0
156 2.5 V6 24V 190cv 4p Aut.,2003,11,2011,46281.0
156 TS/Sport/Elegant 2.0 16V,2002,2,2017,25601.0
2300 TI/TI-4,1986,5,2016,7863.0
145 Quadrifoglio 2.0,1999,6,2005,23568.0
156 2.5 V6 24V 190cv 4p Aut.,2003,6,2010,48850.0
155,1997,3,2022,16498.0
164 3.0 V6,1996,6,2015,13130.0
156 Sport Wagon 2.0 16V,2002,8,2021,26686.0
145 Elegant 1.7/1.8 16V,1999,12,2015,14317.0
156 Sport Wagon 2.5 V6 24V 4p Aut.,2004,1,2022,38140.0
147 2.0 16V 148cv 4p Semi-Aut.,2005,5,2016,53859.0
145 Elegant 2.0 16V,1998,6,2010,15210.0
164 3.0 V6,1996,3,2022,18682.0
155 Super,1997,1,2011,17199.0
155,1997,1,2019,12687.0
Spider 2.0/3.0,1997,3,2017,66259.0
156 Sport Wagon 2.0 16V,2002,7,2012,33315.0
145 Quadrifoglio 2.0,1999,12,2008,21288.0
145 Quadrifoglio 2.0,1999,6,2004,23457.0
156 2.5 V6 24V 190cv 4p Aut.,2022,11,2005,131768.0
156 Sport Wagon 2.5 V6 24V 4p Aut.,2004,7,2013,45518.0
164 Super V6 24V,1996,5,2016,16840.0
145 Quadrifoglio 2.0,1999,8,2018,14421.0
155 Super,1997,11,2004,19174.0
145 Elegant 2.0 16V,1998,1,2005,20374.0
145 Elegant 1.7/1.8 16V,1999,3,2020,12841.0
156 2.5 V6 24V 190cv 4p Aut.,2003,3,2007,94102.0
145 Elegant 2.0 16V,1998,3,2017,13807.0
156 Sport Wagon 2.0 16V,2022,11,2003,84475.0
164 Super V6 24V,1996,9,2018,16107.0
164 Super V6 24V,1996,12,2015,16701.0
164 Super V6 24V,1996,8,2021,16914.0
166 3.0 V6 24V,2003,12,2006,114461.0
147 2.0 16V 148cv 4p Semi-Aut.,2005,1,2015,59484.0
156 Sport Wagon 2.0 16V,2002,4,2007,52401.0
145 Quadrifoglio 2.0,1999,1,2002,26052.0
145 Elegant 2.0 16V,1998,6,2002,21318.0
164 3.0 V6,1996,2,2008,15376.0
2300 TI/TI-4,1986,12,2002,3310.0
145 QV,1998,7,2020,14058.0
Spider 2.0/3.0,1997,2,2021,72431.0
164 3.0 V6,1996,11,2003,16133.0
155,1997,9,2014,14024.0
156 Sport Wagon 2.5 V6 24V 4p Aut.,2004,3,2011,54078.0
Spider 2.0/3.0,1997,2,2005,52119.0
145 Elegant 1.7/1.8 16V,1999,1,2018,13465.0
156 2.5 V6 24V 190cv 4p Aut.,2003,2,2017,43898.0
164 3.0 V6,1996,2,2016,13189.0
155,1997,11,2016,14055.0
155,1997,9,2010,15876.0
145 Elegant 1.7/1.8 16V,1999,10,2007,19089.0
145 Elegant 2.0 16V,1998,4,2003,20223.0
155 Super,1997,4,2010,18955.0
156 TS/Sport/Elegant 2.0 16V,2002,3,2004,64004.0
156 Sport Wagon 2.5 V6 24V 4p Aut.,2004,12,2012,43293.0
156 TS/Sport/Elegant 2.0 16V,2002,3,2016,26496.0
145 QV,1998,8,2021,14279.0
156 Sport Wagon 2.0 16V,2002,7,2022,34251.0
156 TS/Sport/Elegant 2.0 16V,2002,5,2005,62810.0
156 TS/Sport/Elegant 2.0 16V,2002,5,2007,50644.0
145 Elegant 1.7/1.8 16V,1999,6,2003,21258.0
2300 TI/TI-4,1986,3,2022,7863.0
145 Quadrifoglio 2.0,1999,11,2009,20041.0
164 Super V6 24V,1996,9,2004,18208.0
147 2.0 16V 148cv 4p Semi-Aut.,2005,10,2011,58133.0
156 Sport Wagon 2.0 16V,2002,9,2018,26552.0
145 QV,1998,12,2003,21825.0
Spider 2.0/3.0,1997,12,2012,65782.0
156 Sport Wagon 2.0 16V,2002,12,2020,25776.0
147 2.0 16V 148cv 4p Semi-Aut.,2005,11,2010,58442.0
145 QV,1998,11,2009,18298.0
156 TS/Sport/Elegant 2.0 16V,2002,1,2017,25681.0
145 QV,1998,1,2020,14309.0
156 Sport Wagon 2.0 16V,2002,8,2011,31201.0
145 Elegant 1.7/1.8 16V,1999,9,2013,15260.0
145 Quadrifoglio 2.0,1999,4,2002,25322.0
166 3.0 V6 24V,2003,6,2019,47021.0
145 QV,1998,11,2020,13895.0
145 Quadrifoglio 2.0,1999,5,2020,13909.0
164 3.0 V6,1996,10,2004,16619.0
156 Sport Wagon 2.5 V6 24V 4p Aut.,2004,9,2019,36988.0
156 Sport Wagon 2.5 V6 24V 4p Aut.,2022,1,2004,142306.0
145 Quadrifoglio 2.0,1999,2,2013,16246.0
156 Sport Wagon 2.0 16V,2002,4,2009,40742.0
Spider 2.0/3.0,1997,5,2009,46886.0
166 3.0 V6 24V,2003,12,2019,45943.0
156 TS/Sport/Elegant 2.0 16V,2002,11,2015,28344.0
145 QV,1998,11,2018,15530.0
155,1997,12,2014,14085.0
156 Sport Wagon 2.0 16V,2002,4,2004,70760.0
Spider 2.0/3.0,1997,6,2019,67103.0
156 2.5 V6 24V 190cv 4p Aut.,2003,3,2019,45674.0
156 TS/Sport/Elegant 2.0 16V,2002,6,2008,44546.0
156 Sport Wagon 2.0 16V,2002,1,2013,28366.0
Spider 2.0/3.0,1997,3,2014,63571.0
155,1997,3,2001,24487.0
156 Sport Wagon 2.5 V6 24V 4p Aut.,2022,2,2006,140871.0
156 TS/Sport/Elegant 2.0 16V,2002,3,2009,38464.0
155,1997,10,2004,18147.0
147 2.0 16V 148cv 4p Semi-Aut.,2005,4,2022,61537.0
145 QV,1998,7,2001,26201.0
145 Elegant 2.0 16V,1998,11,2005,19819.0
145 Quadrifoglio 2.0,1999,1,2013,15840.0
145 Elegant 1.7/1.8 16V,1999,2,2003,21760.0
166 3.0 V6 24V,2003,6,2021,45177.0
2300 TI/TI-4,1986,4,2006,6498.0
Spider 2.0/3.0,1997,2,2006,58625.0